parcel_id,date,NDVI,EVI,NDMI
P0000,2025-08-13,0.140255102956295,0.10621265903578339,-0.1571587427854538
P0001,2025-08-13,0.1860665140032768,0.13547153562219283,-0.12487954638004303
P0002,2025-08-13,0.20338738063573839,0.14885430780342307,-0.1123099347385345
P0003,2025-08-13,0.14942683935165404,0.1215027857482804,-0.11234985321387649
P0004,2025-08-13,0.1535520560503006,0.11015627752421381,-0.15714120944738388
P0005,2025-08-13,0.13219792960882187,0.10534603072703416,-0.14118861797451973
P0006,2025-08-13,0.15244188310354947,0.11460309953109245,-0.15202884153202176
P0007,2025-08-13,0.138155362200737,0.10958318358505977,-0.1763315803527832
P0008,2025-08-13,0.1290447567820549,0.10315488699845912,-0.1778397051334381
P0009,2025-08-13,0.15626454743146898,0.11404738298610746,-0.14843492758870125
P0010,2025-08-13,0.1595523694038391,0.11918750282774167,-0.13390231787711382
P0011,2025-08-13,0.16300061130523683,0.12274845815254962,-0.1510519686281681
P0012,2025-08-13,0.19441045883893968,0.12648834958300206,-0.19675580085739494
P0013,2025-08-13,0.17029334102869034,0.11750332513623205,-0.18026038952320814
P0014,2025-08-13,0.1773721451282501,0.13856345586253338,-0.09885176739543676
P0015,2025-08-13,0.17014579249620437,0.1302245992099415,-0.08231424528174103
P0016,2025-08-13,0.137615609395504,0.11676447671095573,-0.1285754411816597
P0017,2025-08-13,0.14997836784124374,0.1269364953787658,-0.13796380795128643
P0018,2025-08-13,0.16318300879001618,0.1115977546423479,-0.19839807401895523
P0019,2025-08-13,0.17728810057640076,0.13806156623023583,-0.08549189629405737
P0000,2025-09-13,0.14531897809505462,0.1016057540938622,-0.19693790793418883
P0001,2025-09-13,0.17670321180820464,0.10846392124874264,-0.21939450941085814
P0002,2025-09-13,0.21974496890306472,0.1503004183584402,-0.1286909404069651
P0003,2025-09-13,0.15421717734336854,0.11255328790064825,-0.1739816042870283
P0004,2025-09-13,0.1496605186343193,0.0994342962370574,-0.21103829573988914
P0005,2025-09-13,0.13188632564544678,0.1015869513616559,-0.1497025544822216
P0006,2025-09-13,0.10771591128855944,0.08310998412792706,-0.24285658850446343
P0007,2025-09-13,0.12865940616130828,0.08588387201099436,-0.23436373195648194
P0008,2025-09-13,0.12704419848918916,0.09203992273600806,-0.21203359298706054
P0009,2025-09-13,0.1440994953751564,0.08960656047686413,-0.23839194767475128
P0010,2025-09-13,0.16345896106958388,0.09845778294864418,-0.2336157086968422
P0011,2025-09-13,0.161183707010746,0.10450742480597583,-0.2324211029291153
P0012,2025-09-13,0.19779501987695694,0.11049370071181493,-0.2646853399515152
P0013,2025-09-13,0.1661719325900078,0.10449116664421154,-0.21486784989833832
P0014,2025-09-13,0.1591169876098633,0.09442060119756272,-0.24909020018577577
P0015,2025-09-13,0.14817732030153274,0.08308621657682161,-0.20448456091880798
P0016,2025-09-13,0.1351593968629837,0.10816083872786517,-0.17622553850412367
P0017,2025-09-13,0.1495761876821518,0.12401114196471283,-0.16202313731089235
P0018,2025-09-13,0.16480422692298888,0.10703431144744206,-0.2139961489200592
P0019,2025-09-13,0.17497389945983888,0.1276993132961607,-0.16367388877868652
P0000,2025-10-13,0.19075746133327484,0.10090293968636291,-0.26746988813877104
P0001,2025-10-13,0.20543902114629745,0.08640937622353649,-0.33149280676841736
P0002,2025-10-13,0.24438607337474824,0.15710374980925432,-0.14049451700355858
P0003,2025-10-13,0.2092167217731476,0.10013961253092256,-0.28633691054582594
P0004,2025-10-13,0.18699960684776307,0.09644733071853208,-0.2248435964022763
P0005,2025-10-13,0.17994938527345658,0.13008046379905605,-0.14011552699171007
P0006,2025-10-13,0.10734052009284496,0.06354811394441154,-0.2731051242165268
P0007,2025-10-13,0.14653359615802766,0.09244906806884029,-0.2391603041410446
P0008,2025-10-13,0.1393383966088295,0.09023602096689189,-0.22043451368808747
P0009,2025-10-13,0.161979902613163,0.08600128711900136,-0.24086161615848542
P0010,2025-10-13,0.2169039663553238,0.0709971636583607,-0.3642366605192423
P0011,2025-10-13,0.20322940969467163,0.08259230516508041,-0.3317433555364609
P0012,2025-10-13,0.22583646603822707,0.09129541461914838,-0.3381430607557297
P0013,2025-10-13,0.18824868054389954,0.10118207818717802,-0.22703117541540413
P0014,2025-10-13,0.17572912303209304,0.09773862868549885,-0.2823897885754704
P0015,2025-10-13,0.1635495821714401,0.06515421727378334,-0.2903822745680809
P0016,2025-10-13,0.18244207371473312,0.13789591534480675,-0.1694291852414608
P0017,2025-10-13,0.16106903067827225,0.12607902408030333,-0.16210373090924696
P0018,2025-10-13,0.21721515107154846,0.13620935887063643,-0.20632947840094568
P0019,2025-10-13,0.21543294979333877,0.13735938165070405,-0.1798021783787757
P0000,2025-11-13,0.21421286764144898,0.10930933521526168,-0.20743125998750328
P0001,2025-11-13,0.25849749071598055,0.09945207742438725,-0.3209983594968915
P0002,2025-11-13,0.28485801713466646,0.1677313206764525,-0.09561483278623782
P0003,2025-11-13,0.2495953928232193,0.10455265188134545,-0.22395199627280235
P0004,2025-11-13,0.20149281067848204,0.09096077603312537,-0.23255793191343546
P0005,2025-11-13,0.22495968707799913,0.1355897156541007,-0.11818725274838507
P0006,2025-11-13,0.16991874676942825,0.10542115814194124,-0.16242810814445838
P0007,2025-11-13,0.1471794127702713,0.08504544314808003,-0.24547086364030837
P0008,2025-11-13,0.14952908630371095,0.0917122654877068,-0.21457969544529915
P0009,2025-11-13,0.22882980116605758,0.11582625940933915,-0.19099536011815071
P0010,2025-11-13,0.24424541102647782,0.07527078167654763,-0.34034528622850774
P0011,2025-11-13,0.24151043494939803,0.08700092511324037,-0.3349652407348156
P0012,2025-11-13,0.271681725025177,0.09485882768824055,-0.3304022935718298
P0013,2025-11-13,0.23375199921131135,0.10502206754894873,-0.21400621090382338
P0014,2025-11-13,0.22260570120811463,0.09279994912097118,-0.2577108186379075
P0015,2025-11-13,0.24258687539100646,0.10742553429176212,-0.16977246656995268
P0016,2025-11-13,0.20223780596256255,0.13989005393224843,-0.1415826586253941
P0017,2025-11-13,0.2302862143754959,0.1502879678403306,-0.0920448573655216
P0018,2025-11-13,0.22804678201675416,0.12783748606477496,-0.2021819195754826
P0019,2025-11-13,0.26704753024578093,0.159007667071251,-0.13141115927440114
P0000,2025-12-13,0.42166106355190275,0.24277854491971165,-0.07988131355326623
P0001,2025-12-13,0.5184094986438751,0.22434134754933133,-0.09687659165312071
P0002,2025-12-13,0.366499782037735,0.1912768531166178,-0.057262150948593625
P0003,2025-12-13,0.3223165178537369,0.194459495508742,-0.06136600527847186
P0004,2025-12-13,0.416132498049736,0.20934300428903008,-0.05651902878299588
P0005,2025-12-13,0.46463080267906187,0.2950675654996765,0.051845845315063976
P0006,2025-12-13,0.3190757816076279,0.21240734990875376,-0.04867706524974201
P0007,2025-12-13,0.18816377590894698,0.10416908433600629,-0.15116319833695888
P0008,2025-12-13,0.2520351243019104,0.13729680664385663,-0.11622124267444015
P0009,2025-12-13,0.46554960343837737,0.2628455149655475,0.002656680814898573
P0010,2025-12-13,0.33553698108196256,0.11350116346864231,-0.2688387309615191
P0011,2025-12-13,0.5041257322311401,0.21546112743958698,-0.0923246639654506
P0012,2025-12-13,0.5580109861850738,0.33386295252794596,0.07352019326952286
P0013,2025-12-13,0.5457876921415329,0.2809503940478865,0.0765044616850093
P0014,2025-12-13,0.32046457340717316,0.15223169971458908,-0.17118164805229752
P0015,2025-12-13,0.6198898149490356,0.34759676942899653,0.13521830609925092
P0016,2025-12-13,0.3512776560544968,0.2508813585860039,-0.02467754525312897
P0017,2025-12-13,0.3597729835152626,0.2619506869477045,0.0054597301481757315
P0018,2025-12-13,0.36541152777671815,0.19180732707098835,-0.06975062061301432
P0019,2025-12-13,0.4897405208587646,0.3023587776920447,0.047872362222285435
P0000,2026-01-13,0.6251938966989518,0.4218888099766114,0.1502752764979843
P0001,2026-01-13,0.6864497790336609,0.41579617847156825,0.1551630626637023
P0002,2026-01-13,0.3533257516980171,0.1980327325465298,-0.02229365856125951
P0003,2026-01-13,0.6532610416889191,0.3999535429192608,0.13135215447435622
P0004,2026-01-13,0.671872679567337,0.3732355448225176,0.19904632888576015
P0005,2026-01-13,0.6872671622753144,0.5596829433206385,0.28963120639324186
P0006,2026-01-13,0.5548564482688904,0.38253772589420243,0.17082947990330868
P0007,2026-01-13,0.28734757643938064,0.17762857843366697,-0.059598220997862515
P0008,2026-01-13,0.44472761442661285,0.27253442083460083,0.04787852223126683
P0009,2026-01-13,0.5190777845016801,0.4193878634991583,0.17978132572048114
P0010,2026-01-13,0.6038122749090195,0.30751485402292805,0.07979537775381783
P0011,2026-01-13,0.7213235247135162,0.4733319025746292,0.2013154874251224
P0012,2026-01-13,0.732441135931015,0.6282491056696831,0.3309359851360321
P0013,2026-01-13,0.7709958281040191,0.5209923182689866,0.31526034940034153
P0014,2026-01-13,0.572786401796341,0.3292675774090771,0.059983764086198064
P0015,2026-01-13,0.8553502798080445,0.6500118365206548,0.4315118871808052
P0016,2026-01-13,0.4209020817783517,0.2434602775255152,0.126285572648723
P0017,2026-01-13,0.5830043119430542,0.4407737802272774,0.19073945279996843
P0018,2026-01-13,0.6225796284198761,0.32754772132765403,0.17761275017978623
P0019,2026-01-13,0.7620497715473175,0.5867132843703806,0.30881139083961023
P0000,2026-02-13,0.7970685475587845,0.6324539701669856,0.3295235610721633
P0001,2026-02-13,0.7904584700584412,0.5591003762982492,0.33225680418480186
P0002,2026-02-13,0.382370639359951,0.26111329321631893,-0.019010497044349903
P0003,2026-02-13,0.7795209191799164,0.6236558169525669,0.33134438312351705
P0004,2026-02-13,0.7972201996326447,0.6248086283865348,0.34230116859301923
P0005,2026-02-13,0.7649044402122498,0.651352079790049,0.36347633219957354
P0006,2026-02-13,0.6231900910635478,0.4779329898053475,0.22327936593280173
P0007,2026-02-13,0.5918135984420776,0.45949729441122356,0.1444349949464202
P0008,2026-02-13,0.7012181654453278,0.5697306801617157,0.2499730475269258
P0009,2026-02-13,0.7500889534711838,0.5983963943460258,0.3238128555983305
P0010,2026-02-13,0.708131103181839,0.43924796796648397,0.20864185169674457
P0011,2026-02-13,0.8043150972127915,0.6371975032479998,0.35611459221088154
P0012,2026-02-13,0.8764273645877838,0.7789798368892935,0.4915129144191742
P0013,2026-02-13,0.8646771392345428,0.7125720167530276,0.45000128265172246
P0014,2026-02-13,0.5957970634698868,0.5315664532532555,0.19101261772215367
P0015,2026-02-13,0.8700210910797119,0.7349845201151941,0.49010866664648056
P0016,2026-02-13,0.714538906788826,0.6106894854582073,0.3296248378932476
P0017,2026-02-13,0.6948258571147918,0.5811350990174146,0.2978452578845434
P0018,2026-02-13,0.7927854577541351,0.6505284775358233,0.33230199821963907
P0019,2026-02-13,0.8503030037879944,0.6755965579123504,0.44610528366565705
P0000,2026-03-13,0.8554114786148072,0.7247880572122002,0.4614132589705288
P0001,2026-03-13,0.831863766002655,0.6554802655424321,0.43538059490025044
P0002,2026-03-13,0.40261730459928513,0.2944323249168153,0.040547722118278035
P0003,2026-03-13,0.868060405254364,0.7261991157729792,0.45445129420384767
P0004,2026-03-13,0.7819996294498444,0.5800019423282425,0.3566313510239124
P0005,2026-03-13,0.6741484255313873,0.5361999391549701,0.3035888297915459
P0006,2026-03-13,0.6845779077218845,0.5322403352122915,0.3313657082434744
P0007,2026-03-13,0.7038467810392379,0.5389005254771143,0.25694816300515083
P0008,2026-03-13,0.668586620092392,0.5094102698407049,0.2561869764458026
P0009,2026-03-13,0.7830144164562225,0.5827094589869668,0.3850665553689003
P0010,2026-03-13,0.8536389266967773,0.6344609528181028,0.4375577116027474
P0011,2026-03-13,0.8356168284893036,0.6846867967049103,0.44308563070073725
P0012,2026-03-13,0.8801588746547699,0.7436960644481548,0.5378403197050095
P0013,2026-03-13,0.8631624377250672,0.6724283393098262,0.4903374805212021
P0014,2026-03-13,0.7440878509759903,0.5905934265399957,0.34665016130000587
P0015,2026-03-13,0.8847537852287293,0.7474760247615078,0.5522991117954255
P0016,2026-03-13,0.6826339674472809,0.5604423763604127,0.31197888528555634
P0017,2026-03-13,0.691083769083023,0.5644129342127902,0.3115283946879208
P0018,2026-03-13,0.681911137008667,0.5067471135242725,0.264475300814677
P0019,2026-03-13,0.8791945107936859,0.7238740193461625,0.5007550639867783
P0000,2026-04-13,0.8697668982028961,0.7304869365962828,0.48599929715394974
P0001,2026-04-13,0.8256693107128144,0.6386187550754749,0.4320664486289024
P0002,2026-04-13,0.41390962067842485,0.2987732035446304,0.03724565937067382
P0003,2026-04-13,0.8934791517734527,0.7553018902831992,0.47640738786393777
P0004,2026-04-13,0.6364054720401764,0.41873868309365236,0.2131291790306568
P0005,2026-04-13,0.5991195711135864,0.46498485230171127,0.24015212367475033
P0006,2026-04-13,0.6515252039209009,0.503078397397438,0.30303606524169446
P0007,2026-04-13,0.503099169754982,0.35654682966062134,0.07904157401081174
P0008,2026-04-13,0.46975432267189027,0.32082433601628424,0.0650414349455542
P0009,2026-04-13,0.650282305765152,0.48599200174165136,0.29575954990386966
P0010,2026-04-13,0.8522832622528076,0.6674210436093515,0.45885433909893036
P0011,2026-04-13,0.8031987558603286,0.6310473662073275,0.4166150388814509
P0012,2026-04-13,0.8089532610416412,0.6043456672110762,0.4480126876115799
P0013,2026-04-13,0.6776227834701538,0.4640365165098249,0.309084117244184
P0014,2026-04-13,0.8144671981215477,0.6360255962846477,0.4171618507742882
P0015,2026-04-13,0.8235014600753784,0.6087577052535181,0.43767828345298765
P0016,2026-04-13,0.4443027471065521,0.32104584834186606,0.06826081420797854
P0017,2026-04-13,0.6431299610376358,0.4799159648804074,0.26647884388249365
P0018,2026-04-13,0.49375766545534133,0.3196738789357645,0.06655043582621721
P0019,2026-04-13,0.8351953134536744,0.6598600454829231,0.474430166220665
P0000,2026-05-13,0.3684423330307007,0.26891798436589276,0.07231851939783367
P0001,2026-05-13,0.4464074438333511,0.30942676437961775,0.07162799634401454
P0002,2026-05-13,0.38107884591817853,0.288026100167089,0.010984049761947244
P0003,2026-05-13,0.55354181432724,0.41261446512927785,0.1396634350510314
P0004,2026-05-13,0.2076664784669876,0.13188918483110432,-0.10078356365901418
P0005,2026-05-13,0.19466018711328506,0.15364425156105208,-0.09050252803172916
P0006,2026-05-13,0.38510188810825347,0.2697146308530641,0.06012044989758481
P0007,2026-05-13,0.19491983844041824,0.13304634535287485,-0.16618873035907744
P0008,2026-05-13,0.17913738485574723,0.12631608265155336,-0.15405981563329696
P0009,2026-05-13,0.2513057503700256,0.17622290604321195,-0.030841938999027728
P0010,2026-05-13,0.48394183733463286,0.32643706634130815,0.1403065892247949
P0011,2026-05-13,0.30123395256996155,0.20432151322718145,-0.01824293992826715
P0012,2026-05-13,0.32562846820354463,0.21481678943414853,0.009223216198990122
P0013,2026-05-13,0.22995043365955353,0.15514883593183662,-0.0483889497423517
P0014,2026-05-13,0.4091146697640419,0.316774688894755,0.11402268097024644
P0015,2026-05-13,0.3389505164384842,0.1810748447871498,-0.129283226225432
P0016,2026-05-13,0.18936586017608642,0.14342899787538696,-0.12443957247962244
P0017,2026-05-13,0.23185338834524155,0.18171463530897336,-0.0587256072351709
P0018,2026-05-13,0.21816372622251512,0.14032445261074497,-0.14083075923398136
P0019,2026-05-13,0.33043544442653655,0.23058481857620883,0.04001437375966925
P0000,2026-06-13,0.18076198230981827,0.1325138572872608,-0.0733205307562137
P0001,2026-06-13,0.2467446052789688,0.17424264621817173,-0.06856408579312265
P0002,2026-06-13,0.35794954013228414,0.2928307114978088,0.026723367712413893
P0003,2026-06-13,0.2084202565908432,0.14972267518589624,-0.10313526325896383
P0004,2026-06-13,0.14952612540721893,0.10882824331215721,-0.13667700711637734
P0005,2026-06-13,0.154210243165493,0.12587824602239947,-0.12323526170402765
P0006,2026-06-13,0.21037758868336678,0.1432379310421433,-0.07680433966638521
P0007,2026-06-13,0.14122353125810624,0.10840643765766826,-0.19634532853364944
P0008,2026-06-13,0.12514780131578446,0.10353679710602369,-0.16332788583040236
P0009,2026-06-13,0.1805846364736557,0.12652623857702705,-0.0876944177219877
P0010,2026-06-13,0.2394273818254471,0.15854936451385107,-0.06156795481953628
P0011,2026-06-13,0.18579774940013885,0.13762276202185872,-0.1206556866930936
P0012,2026-06-13,0.19290417754650116,0.1500863425405334,-0.09109276806581765
P0013,2026-06-13,0.1838602858066559,0.13286526202097595,-0.07909354546510149
P0014,2026-06-13,0.21608249510526656,0.15374144214895227,-0.03971820944931824
P0015,2026-06-13,0.1759109318137169,0.1245020340961531,-0.1824497382491827
P0016,2026-06-13,0.15160900781154632,0.12055284364515521,-0.14978311688899995
P0017,2026-06-13,0.16859366111755372,0.14046271063144844,-0.10447647249232977
P0018,2026-06-13,0.1584783870458603,0.11437041424843392,-0.19275186660289764
P0019,2026-06-13,0.2272323227405548,0.15705569306607886,-0.0672503302781377
P0000,2026-07-13,0.14604877591133117,0.12058968879868914,-0.08239302816540003
P0001,2026-07-13,0.18337706966400147,0.14014660145964694,-0.09046709186471999
P0002,2026-07-13,0.2473219910264015,0.17501767567402543,-0.07121065949709154
P0003,2026-07-13,0.1634431448340416,0.1295471934788242,-0.10119256459344178
P0004,2026-07-13,0.1482034321665764,0.11111739530558191,-0.12838985088467597
P0005,2026-07-13,0.14892761241197586,0.1209168459244285,-0.12206656818985939
P0006,2026-07-13,0.13539846303910016,0.11419255708061694,-0.0914223289975663
P0007,2026-07-13,0.125790988779068,0.10035603648903844,-0.18057055851221085
P0008,2026-07-13,0.12085045964717865,0.09415508817587337,-0.17598728724718093
P0009,2026-07-13,0.16020816155672074,0.11709743237780604,-0.09908238733727485
P0010,2026-07-13,0.1542342932701111,0.12340541431066163,-0.08652173811877147
P0011,2026-07-13,0.16272864829301834,0.12728550855435958,-0.11481148507967591
P0012,2026-07-13,0.17655416798591614,0.13729537180496582,-0.09036281709265895
P0013,2026-07-13,0.143385375893116,0.11917672094889968,-0.05755360771305859
P0014,2026-07-13,0.16981264399290086,0.13509458904863134,-0.06239515577540174
P0015,2026-07-13,0.16240721558332444,0.1197045137616122,-0.14781508187651635
P0016,2026-07-13,0.1406070595741272,0.11295060037533726,-0.13398920362591743
P0017,2026-07-13,0.1609101386666298,0.133276633266468,-0.09542648181738332
P0018,2026-07-13,0.15455785983800888,0.11188648881963317,-0.17875299493074417
P0019,2026-07-13,0.17542207391262055,0.13934203863091862,-0.08186375383883715
