parcel_id,erreur_reconstruction,z_score,anomalie,criticite_pct,criticite,date_anomalie,type_anomalie,contexte,z_NDVI,z_EVI,z_NDMI
P0000,0.35740232,-0.0859117,False,0.0,Faible,,Normal,-,,,
P0001,0.333838,-0.25746867,False,0.0,Faible,,Normal,-,,,
P0002,0.2081988,-1.1721677,False,0.0,Faible,,Normal,-,,,
P0003,0.31952274,-0.36168885,False,0.0,Faible,,Normal,-,,,
P0004,0.41259465,0.3159085,False,6.3,Faible,,Normal,-,,,
P0005,0.31652963,-0.38347977,False,0.0,Faible,,Normal,-,,,
P0006,0.31748962,-0.37649068,False,0.0,Faible,,Normal,-,,,
P0007,0.3545307,-0.10681823,False,0.0,Faible,,Normal,-,,,
P0008,0.37378508,0.03336071,False,0.7,Faible,,Normal,-,,,
P0009,0.40986454,0.29603234,False,5.9,Faible,,Normal,-,,,
P0010,0.3202648,-0.3562865,False,0.0,Faible,,Normal,-,,,
P0011,0.37033755,0.008261416,False,0.2,Faible,,Normal,-,,,
P0012,0.31136578,-0.42107448,False,0.0,Faible,,Normal,-,,,
P0013,0.35838354,-0.07876812,False,0.0,Faible,,Normal,-,,,
P0014,0.383314,0.10273482,False,2.1,Faible,,Normal,-,,,
P0015,0.29711416,-0.5248314,False,0.0,Faible,,Normal,-,,,
P0016,0.25231123,-0.8510131,False,0.0,Faible,,Normal,-,,,
P0017,0.28328353,-0.62552345,False,0.0,Faible,,Normal,-,,,
P0018,0.33157733,-0.27392703,False,0.0,Faible,,Normal,-,,,
P0019,0.35374865,-0.112511784,False,0.0,Faible,,Normal,-,,,
P0020,0.5553975,1.3555653,False,27.1,Faible,,Normal,-,,,
P0021,0.36499545,-0.030630987,False,0.0,Faible,,Normal,-,,,
P0022,0.354802,-0.104842916,False,0.0,Faible,,Normal,-,,,
P0023,0.4166162,0.34518686,False,6.9,Faible,,Normal,-,,,
P0024,0.20526177,-1.1935503,False,0.0,Faible,,Normal,-,,,
P0025,0.4019958,0.23874508,False,4.8,Faible,,Normal,-,,,
P0026,0.3419199,-0.1986294,False,0.0,Faible,,Normal,-,,,
P0027,0.32573733,-0.3164444,False,0.0,Faible,,Normal,-,,,
P0028,0.3314974,-0.27450895,False,0.0,Faible,,Normal,-,,,
P0029,0.35619128,-0.09472856,False,0.0,Faible,,Normal,-,,,
P0030,0.4286639,0.43289855,False,8.7,Faible,,Normal,-,,,
P0031,0.46188653,0.6747713,False,13.5,Faible,,Normal,-,,,
P0032,0.26653835,-0.7474345,False,0.0,Faible,,Normal,-,,,
P0033,0.6646939,2.1512828,True,43.0,Modéré,2025-01-01,Sécheresse,Cohérent avec un phénomène régional généralisé,-1.28,-1.23,-1.52
P0034,0.5266901,1.1465651,False,22.9,Faible,,Normal,-,,,
P0035,0.4514832,0.5990312,False,12.0,Faible,,Normal,-,,,
P0036,0.37108594,0.013710011,False,0.3,Faible,,Normal,-,,,
P0037,0.46182477,0.6743217,False,13.5,Faible,,Normal,-,,,
P0038,0.28639364,-0.6028807,False,0.0,Faible,,Normal,-,,,
P0039,0.44618765,0.56047773,False,11.2,Faible,,Normal,-,,,
P0040,0.32197547,-0.34383208,False,0.0,Faible,,Normal,-,,,
P0041,0.4183537,0.35783654,False,7.2,Faible,,Normal,-,,,
P0042,0.23834297,-0.9527071,False,0.0,Faible,,Normal,-,,,
P0043,0.433349,0.46700782,False,9.3,Faible,,Normal,-,,,
P0044,0.14239857,-1.6512172,False,0.0,Faible,,Normal,-,,,
P0045,0.40388003,0.2524629,False,5.0,Faible,,Normal,-,,,
P0046,0.3207898,-0.35246408,False,0.0,Faible,,Normal,-,,,
P0047,0.44290453,0.5365755,False,10.7,Faible,,Normal,-,,,
P0048,0.33570987,-0.24384066,False,0.0,Faible,,Normal,-,,,
P0049,0.26605105,-0.75098217,False,0.0,Faible,,Normal,-,,,
P0050,0.2816348,-0.6375268,False,0.0,Faible,,Normal,-,,,
P0051,0.4103291,0.29941452,False,6.0,Faible,,Normal,-,,,
P0052,0.35520303,-0.10192335,False,0.0,Faible,,Normal,-,,,
P0053,0.399021,0.21708739,False,4.3,Faible,,Normal,-,,,
P0054,0.33227736,-0.2688306,False,0.0,Faible,,Normal,-,,,
P0055,0.36573526,-0.02524488,False,0.0,Faible,,Normal,-,,,
P0056,0.44765982,0.5711957,False,11.4,Faible,,Normal,-,,,
P0057,0.5351302,1.2080119,False,24.2,Faible,,Normal,-,,,
P0058,0.53860706,1.2333246,False,24.7,Faible,,Normal,-,,,
P0059,0.48723972,0.85935175,False,17.2,Faible,,Normal,-,,,
P0060,0.28630406,-0.60353297,False,0.0,Faible,,Normal,-,,,
P0061,0.3237176,-0.3311488,False,0.0,Faible,,Normal,-,,,
P0062,0.30522442,-0.46578583,False,0.0,Faible,,Normal,-,,,
P0063,0.44574302,0.5572407,False,11.1,Faible,,Normal,-,,,
P0064,0.36228347,-0.050375197,False,0.0,Faible,,Normal,-,,,
P0065,0.1606271,-1.5185069,False,0.0,Faible,,Normal,-,,,
P0066,0.42801633,0.42818397,False,8.6,Faible,,Normal,-,,,
P0067,0.30664957,-0.45541024,False,0.0,Faible,,Normal,-,,,
P0068,0.23829705,-0.95304143,False,0.0,Faible,,Normal,-,,,
P0069,0.22332549,-1.0620399,False,0.0,Faible,,Normal,-,,,
P0070,0.35442817,-0.10756461,False,0.0,Faible,,Normal,-,,,
P0071,0.2509457,-0.86095476,False,0.0,Faible,,Normal,-,,,
P0072,0.30629176,-0.4580152,False,0.0,Faible,,Normal,-,,,
P0073,0.19752203,-1.2498984,False,0.0,Faible,,Normal,-,,,
P0074,0.3853547,0.117591746,False,2.4,Faible,,Normal,-,,,
P0075,0.24313164,-0.9178439,False,0.0,Faible,,Normal,-,,,
P0076,0.32526878,-0.31985563,False,0.0,Faible,,Normal,-,,,
P0077,0.35211098,-0.1244346,False,0.0,Faible,,Normal,-,,,
P0078,0.38469473,0.112786904,False,2.3,Faible,,Normal,-,,,
P0079,0.38673627,0.12765013,False,2.6,Faible,,Normal,-,,,
P0080,0.71439385,2.5131166,True,50.3,Modéré,2024-04-01,Sécheresse,Cas plus grave que la moyenne des parcelles touchées,-1.2,-1.28,-1.48
P0081,0.3985974,0.21400335,False,4.3,Faible,,Normal,-,,,
P0082,0.1948129,-1.2696218,False,0.0,Faible,,Normal,-,,,
P0083,0.29891068,-0.5117522,False,0.0,Faible,,Normal,-,,,
P0084,0.20689864,-1.1816332,False,0.0,Faible,,Normal,-,,,
P0085,0.4464568,0.5624372,False,11.2,Faible,,Normal,-,,,
P0086,0.45464835,0.6220747,False,12.4,Faible,,Normal,-,,,
P0087,0.46905914,0.7269905,False,14.5,Faible,,Normal,-,,,
P0088,0.19292155,-1.2833916,False,0.0,Faible,,Normal,-,,,
P0089,0.2574938,-0.81328213,False,0.0,Faible,,Normal,-,,,
P0090,0.346035,-0.16866992,False,0.0,Faible,,Normal,-,,,
P0091,0.3689896,-0.0015522159,False,0.0,Faible,,Normal,-,,,
P0092,0.25337854,-0.8432427,False,0.0,Faible,,Normal,-,,,
P0093,0.21501046,-1.1225762,False,0.0,Faible,,Normal,-,,,
P0094,0.3345896,-0.25199664,False,0.0,Faible,,Normal,-,,,
P0095,0.25262412,-0.8487351,False,0.0,Faible,,Normal,-,,,
P0096,0.16207892,-1.5079372,False,0.0,Faible,,Normal,-,,,
P0097,0.2625488,-0.77647984,False,0.0,Faible,,Normal,-,,,
P0098,0.27683708,-0.67245597,False,0.0,Faible,,Normal,-,,,
P0099,0.09394001,-2.004013,False,0.0,Faible,,Normal,-,,,
P0100,0.49032143,0.8817877,False,17.6,Faible,,Normal,-,,,
P0101,0.36361086,-0.040711276,False,0.0,Faible,,Normal,-,,,
P0102,0.32150692,-0.3472433,False,0.0,Faible,,Normal,-,,,
P0103,0.33115005,-0.27703777,False,0.0,Faible,,Normal,-,,,
P0104,0.38753432,0.1334602,False,2.7,Faible,,Normal,-,,,
P0105,0.3557147,-0.09819816,False,0.0,Faible,,Normal,-,,,
P0106,0.28582454,-0.607024,False,0.0,Faible,,Normal,-,,,
P0107,0.7508332,2.7784083,True,55.6,Modéré,2025-01-01,Sécheresse,Cohérent avec un phénomène régional généralisé,-2.43,-1.72,-1.38
P0108,0.35708463,-0.08822462,False,0.0,Faible,,Normal,-,,,
P0109,0.20227559,-1.2152908,False,0.0,Faible,,Normal,-,,,
P0110,0.20626195,-1.1862686,False,0.0,Faible,,Normal,-,,,
P0111,0.28089714,-0.64289725,False,0.0,Faible,,Normal,-,,,
P0112,0.5492297,1.3106612,False,26.2,Faible,,Normal,-,,,
P0113,0.29499465,-0.5402623,False,0.0,Faible,,Normal,-,,,
P0114,0.677383,2.243664,True,44.9,Modéré,2025-01-01,Sécheresse,Manque d'eau marqué — cohérent avec un phénomène régional généralisé,-0.91,-1.34,-2.29
P0115,0.4719754,0.7482219,False,15.0,Faible,,Normal,-,,,
P0116,0.2498486,-0.8689419,False,0.0,Faible,,Normal,-,,,
P0117,0.23160246,-1.0017805,False,0.0,Faible,,Normal,-,,,
P0118,0.25356853,-0.8418595,False,0.0,Faible,,Normal,-,,,
P0119,0.3515814,-0.12829019,False,0.0,Faible,,Normal,-,,,
P0120,0.5037027,0.97920823,False,19.6,Faible,,Normal,-,,,
P0121,0.38780466,0.13542834,False,2.7,Faible,,Normal,-,,,
P0122,0.41358757,0.3231373,False,6.5,Faible,,Normal,-,,,
P0123,0.30053103,-0.49995542,False,0.0,Faible,,Normal,-,,,
P0124,0.3570017,-0.08882845,False,0.0,Faible,,Normal,-,,,
P0125,0.25864926,-0.80486995,False,0.0,Faible,,Normal,-,,,
P0126,0.2800872,-0.64879394,False,0.0,Faible,,Normal,-,,,
P0127,0.3260668,-0.3140458,False,0.0,Faible,,Normal,-,,,
P0128,0.39099476,0.15865342,False,3.2,Faible,,Normal,-,,,
P0129,0.441844,0.5288543,False,10.6,Faible,,Normal,-,,,
P0130,0.37369338,0.032693084,False,0.7,Faible,,Normal,-,,,
P0131,0.3700303,0.0060246545,False,0.1,Faible,,Normal,-,,,
P0132,0.22434899,-1.0545883,False,0.0,Faible,,Normal,-,,,
P0133,0.35148022,-0.1290268,False,0.0,Faible,,Normal,-,,,
P0134,0.39099422,0.15864952,False,3.2,Faible,,Normal,-,,,
P0135,0.28343317,-0.62443405,False,0.0,Faible,,Normal,-,,,
P0136,0.4938913,0.90777767,False,18.2,Faible,,Normal,-,,,
P0137,0.38857642,0.14104705,False,2.8,Faible,,Normal,-,,,
P0138,0.34573218,-0.17087458,False,0.0,Faible,,Normal,-,,,
P0139,0.30943015,-0.43516657,False,0.0,Faible,,Normal,-,,,
P0140,0.20503977,-1.1951665,False,0.0,Faible,,Normal,-,,,
P0141,0.4225775,0.3885873,False,7.8,Faible,,Normal,-,,,
P0142,0.35959944,-0.06991589,False,0.0,Faible,,Normal,-,,,
P0143,0.26640633,-0.7483957,False,0.0,Faible,,Normal,-,,,
P0144,0.253073,-0.8454671,False,0.0,Faible,,Normal,-,,,
P0145,0.092859924,-2.0118766,False,0.0,Faible,,Normal,-,,,
P0146,0.49476603,0.914146,False,18.3,Faible,,Normal,-,,,
P0147,0.3236663,-0.3315222,False,0.0,Faible,,Normal,-,,,
P0148,0.44727653,0.5684052,False,11.4,Faible,,Normal,-,,,
P0149,0.32617965,-0.3132241,False,0.0,Faible,,Normal,-,,,
P0150,0.4056548,0.26538378,False,5.3,Faible,,Normal,-,,,
P0151,0.24669737,-0.8918841,False,0.0,Faible,,Normal,-,,,
P0152,0.3417832,-0.19962464,False,0.0,Faible,,Normal,-,,,
P0153,0.21744724,-1.1048356,False,0.0,Faible,,Normal,-,,,
P0154,0.29704303,-0.5253494,False,0.0,Faible,,Normal,-,,,
P0155,0.6423701,1.9887574,False,39.8,Faible,,Normal,-,,,
P0156,0.115793735,-1.8449101,False,0.0,Faible,,Normal,-,,,
P0157,0.3933841,0.17604871,False,3.5,Faible,,Normal,-,,,
P0158,0.49877372,0.9433235,False,18.9,Faible,,Normal,-,,,
P0159,0.3300651,-0.28493664,False,0.0,Faible,,Normal,-,,,
P0160,0.33018145,-0.28408957,False,0.0,Faible,,Normal,-,,,
P0161,0.5131621,1.0480759,False,21.0,Faible,,Normal,-,,,
P0162,0.40973976,0.29512388,False,5.9,Faible,,Normal,-,,,
P0163,0.36439243,-0.035021193,False,0.0,Faible,,Normal,-,,,
P0164,0.42195368,0.38404563,False,7.7,Faible,,Normal,-,,,
P0165,0.23711991,-0.9616114,False,0.0,Faible,,Normal,-,,,
P0166,0.28555992,-0.6089505,False,0.0,Faible,,Normal,-,,,
P0167,0.14932208,-1.6008116,False,0.0,Faible,,Normal,-,,,
P0168,0.3329534,-0.2639088,False,0.0,Faible,,Normal,-,,,
P0169,0.38666332,0.12711897,False,2.5,Faible,,Normal,-,,,
P0170,0.30627,-0.4581736,False,0.0,Faible,,Normal,-,,,
P0171,0.28162047,-0.6376311,False,0.0,Faible,,Normal,-,,,
P0172,0.43681347,0.49223036,False,9.8,Faible,,Normal,-,,,
P0173,0.3382232,-0.22554278,False,0.0,Faible,,Normal,-,,,
P0174,0.36030415,-0.064785376,False,0.0,Faible,,Normal,-,,,
P0175,0.40736234,0.2778154,False,5.6,Faible,,Normal,-,,,
P0176,0.0996201,-1.9626601,False,0.0,Faible,,Normal,-,,,
P0177,0.2378081,-0.9566012,False,0.0,Faible,,Normal,-,,,
P0178,0.24740702,-0.88671756,False,0.0,Faible,,Normal,-,,,
P0179,0.181593,-1.3658675,False,0.0,Faible,,Normal,-,,,
P0180,0.43473256,0.47708052,False,9.5,Faible,,Normal,-,,,
P0181,0.60030437,1.6825035,False,33.7,Faible,,Normal,-,,,
P0182,0.209714,-1.1611365,False,0.0,Faible,,Normal,-,,,
P0183,0.2998354,-0.5050197,False,0.0,Faible,,Normal,-,,,
P0184,0.31140655,-0.42077765,False,0.0,Faible,,Normal,-,,,
P0185,0.55202174,1.3309884,False,26.6,Faible,,Normal,-,,,
P0186,0.36430228,-0.035677534,False,0.0,Faible,,Normal,-,,,
P0187,0.44947782,0.5844314,False,11.7,Faible,,Normal,-,,,
P0188,0.35110277,-0.13177475,False,0.0,Faible,,Normal,-,,,
P0189,0.50458026,0.9855972,False,19.7,Faible,,Normal,-,,,
P0190,0.29435104,-0.544948,False,0.0,Faible,,Normal,-,,,
P0191,0.651625,2.0561361,True,41.1,Modéré,2025-01-01,Sécheresse,Cohérent avec un phénomène régional généralisé,-1.77,-1.38,-1.43
P0192,0.30846027,-0.4422277,False,0.0,Faible,,Normal,-,,,
P0193,0.37887293,0.07040212,False,1.4,Faible,,Normal,-,,,
P0194,0.39489478,0.187047,False,3.7,Faible,,Normal,-,,,
P0195,0.41006386,0.29748344,False,5.9,Faible,,Normal,-,,,
P0196,0.41418782,0.32750735,False,6.6,Faible,,Normal,-,,,
P0197,0.6990005,2.401047,True,48.0,Modéré,2025-01-01,Sécheresse,Cohérent avec un phénomène régional généralisé,-2.13,-1.78,-1.58
P0198,0.19525807,-1.2663809,False,0.0,Faible,,Normal,-,,,
P0199,0.28008595,-0.648803,False,0.0,Faible,,Normal,-,,,
P0200,0.44590223,0.5583998,False,11.2,Faible,,Normal,-,,,
P0201,0.63764185,1.9543339,False,39.1,Faible,,Normal,-,,,
P0202,0.34155825,-0.20126234,False,0.0,Faible,,Normal,-,,,
P0203,0.38366392,0.105282284,False,2.1,Faible,,Normal,-,,,
P0204,0.4180988,0.35598078,False,7.1,Faible,,Normal,-,,,
P0205,0.38488877,0.11419961,False,2.3,Faible,,Normal,-,,,
P0206,0.33107302,-0.27759865,False,0.0,Faible,,Normal,-,,,
P0207,0.27569425,-0.6807762,False,0.0,Faible,,Normal,-,,,
P0208,0.44150004,0.52635026,False,10.5,Faible,,Normal,-,,,
P0209,0.26032498,-0.7926701,False,0.0,Faible,,Normal,-,,,
P0210,0.24119605,-0.9319356,False,0.0,Faible,,Normal,-,,,
P0211,0.27250123,-0.7040225,False,0.0,Faible,,Normal,-,,,
P0212,0.3574463,-0.08559145,False,0.0,Faible,,Normal,-,,,
P0213,0.29888844,-0.511914,False,0.0,Faible,,Normal,-,,,
P0214,0.29461253,-0.54304427,False,0.0,Faible,,Normal,-,,,
P0215,0.117502056,-1.8324728,False,0.0,Faible,,Normal,-,,,
P0216,0.28960708,-0.5794858,False,0.0,Faible,,Normal,-,,,
P0217,0.3719927,0.020311594,False,0.4,Faible,,Normal,-,,,
P0218,0.36777338,-0.010406616,False,0.0,Faible,,Normal,-,,,
P0219,0.2422813,-0.9240346,False,0.0,Faible,,Normal,-,,,
P0220,0.3501681,-0.13857943,False,0.0,Faible,,Normal,-,,,
P0221,0.31149107,-0.42016232,False,0.0,Faible,,Normal,-,,,
P0222,0.56849194,1.4508975,False,29.0,Faible,,Normal,-,,,
P0223,0.42661512,0.4179826,False,8.4,Faible,,Normal,-,,,
P0224,0.40420046,0.2547958,False,5.1,Faible,,Normal,-,,,
P0225,0.4136191,0.32336688,False,6.5,Faible,,Normal,-,,,
P0226,0.31299886,-0.40918505,False,0.0,Faible,,Normal,-,,,
P0227,0.59409875,1.6373243,False,32.7,Faible,,Normal,-,,,
P0228,0.3995895,0.22122635,False,4.4,Faible,,Normal,-,,,
P0229,0.5601442,1.3901228,False,27.8,Faible,,Normal,-,,,
P0230,0.1882854,-1.3171445,False,0.0,Faible,,Normal,-,,,
P0231,0.435775,0.48466998,False,9.7,Faible,,Normal,-,,,
P0232,0.2780604,-0.6635497,False,0.0,Faible,,Normal,-,,,
P0233,0.35974714,-0.06884058,False,0.0,Faible,,Normal,-,,,
P0234,0.441154,0.523831,False,10.5,Faible,,Normal,-,,,
P0235,0.30837324,-0.44286126,False,0.0,Faible,,Normal,-,,,
P0236,0.4551124,0.6254532,False,12.5,Faible,,Normal,-,,,
P0237,0.42108405,0.3777144,False,7.6,Faible,,Normal,-,,,
P0238,0.30896923,-0.43852225,False,0.0,Faible,,Normal,-,,,
P0239,0.36020538,-0.065504424,False,0.0,Faible,,Normal,-,,,
P0240,0.3201403,-0.35719278,False,0.0,Faible,,Normal,-,,,
P0241,0.3488766,-0.1479821,False,0.0,Faible,,Normal,-,,,
P0242,0.36891577,-0.0020896548,False,0.0,Faible,,Normal,-,,,
P0243,0.4137741,0.32449535,False,6.5,Faible,,Normal,-,,,
P0244,0.283563,-0.6234889,False,0.0,Faible,,Normal,-,,,
P0245,0.49325383,0.9031367,False,18.1,Faible,,Normal,-,,,
P0246,0.47540373,0.77318144,False,15.5,Faible,,Normal,-,,,
P0247,0.37260354,0.024758646,False,0.5,Faible,,Normal,-,,,
P0248,0.2947323,-0.54217225,False,0.0,Faible,,Normal,-,,,
P0249,0.47555658,0.77429426,False,15.5,Faible,,Normal,-,,,
P0250,0.24310122,-0.9180653,False,0.0,Faible,,Normal,-,,,
P0251,0.3359896,-0.24180417,False,0.0,Faible,,Normal,-,,,
P0252,0.42726314,0.42270046,False,8.5,Faible,,Normal,-,,,
P0253,0.49582338,0.92184395,False,18.4,Faible,,Normal,-,,,
P0254,0.36110714,-0.05893929,False,0.0,Faible,,Normal,-,,,
P0255,0.37925947,0.073216245,False,1.5,Faible,,Normal,-,,,
P0256,0.45970064,0.6588573,False,13.2,Faible,,Normal,-,,,
P0257,0.29445568,-0.5441862,False,0.0,Faible,,Normal,-,,,
P0258,0.1989049,-1.2398306,False,0.0,Faible,,Normal,-,,,
P0259,0.67511386,2.2271438,True,44.5,Modéré,2025-01-01,Sécheresse,Cohérent avec un phénomène régional généralisé,-1.38,-1.24,-1.16
P0260,0.51268363,1.0445927,False,20.9,Faible,,Normal,-,,,
P0261,0.391555,0.16273229,False,3.3,Faible,,Normal,-,,,
P0262,0.34410724,-0.18270475,False,0.0,Faible,,Normal,-,,,
P0263,0.26509407,-0.75794935,False,0.0,Faible,,Normal,-,,,
P0264,0.2798163,-0.6507662,False,0.0,Faible,,Normal,-,,,
P0265,0.44659948,0.5634761,False,11.3,Faible,,Normal,-,,,
P0266,0.49536148,0.9184811,False,18.4,Faible,,Normal,-,,,
P0267,0.37933168,0.07374197,False,1.5,Faible,,Normal,-,,,
P0268,0.18012713,-1.3765396,False,0.0,Faible,,Normal,-,,,
P0269,0.44375858,0.5427932,False,10.9,Faible,,Normal,-,,,
P0270,0.36747214,-0.012599766,False,0.0,Faible,,Normal,-,,,
P0271,0.2630955,-0.7724997,False,0.0,Faible,,Normal,-,,,
P0272,0.37910277,0.07207541,False,1.4,Faible,,Normal,-,,,
P0273,0.50859433,1.0148212,False,20.3,Faible,,Normal,-,,,
P0274,0.3391329,-0.21891972,False,0.0,Faible,,Normal,-,,,
P0275,0.2595224,-0.7985131,False,0.0,Faible,,Normal,-,,,
P0276,0.46632957,0.7071183,False,14.1,Faible,,Normal,-,,,
P0277,0.4222393,0.3861251,False,7.7,Faible,,Normal,-,,,
P0278,0.35312444,-0.11705626,False,0.0,Faible,,Normal,-,,,
P0279,0.80214983,3.1520119,True,63.0,Élevé,2025-01-01,Sécheresse,Cohérent avec un phénomène régional généralisé,-2.06,-1.46,-1.09
P0280,0.41615704,0.341844,False,6.8,Faible,,Normal,-,,,
P0281,0.32576743,-0.31622526,False,0.0,Faible,,Normal,-,,,
P0282,0.3153913,-0.39176723,False,0.0,Faible,,Normal,-,,,
P0283,0.4007266,0.22950469,False,4.6,Faible,,Normal,-,,,
P0284,0.6685894,2.1796434,True,43.6,Modéré,2025-01-01,Sécheresse,Cohérent avec un phénomène régional généralisé,-1.62,-1.35,-1.19
P0285,0.22110012,-1.0782413,False,0.0,Faible,,Normal,-,,,
P0286,0.5557756,1.3583177,False,27.2,Faible,,Normal,-,,,
P0287,0.30218902,-0.4878846,False,0.0,Faible,,Normal,-,,,
P0288,0.54093367,1.2502632,False,25.0,Faible,,Normal,-,,,
P0289,0.31891304,-0.36612767,False,0.0,Faible,,Normal,-,,,
P0290,0.42414412,0.39999285,False,8.0,Faible,,Normal,-,,,
P0291,0.31131485,-0.42144528,False,0.0,Faible,,Normal,-,,,
P0292,0.1645283,-1.4901048,False,0.0,Faible,,Normal,-,,,
P0293,0.41108447,0.30491388,False,6.1,Faible,,Normal,-,,,
P0294,0.21128339,-1.1497108,False,0.0,Faible,,Normal,-,,,
P0295,0.5362912,1.2164643,False,24.3,Faible,,Normal,-,,,
P0296,0.44651672,0.56287354,False,11.3,Faible,,Normal,-,,,
P0297,0.37156266,0.01718069,False,0.3,Faible,,Normal,-,,,
P0298,0.2815674,-0.6380176,False,0.0,Faible,,Normal,-,,,
P0299,0.46207365,0.67613363,False,13.5,Faible,,Normal,-,,,
P0300,0.2505093,-0.86413187,False,0.0,Faible,,Normal,-,,,
P0301,0.41400704,0.32619122,False,6.5,Faible,,Normal,-,,,
P0302,0.32996675,-0.28565264,False,0.0,Faible,,Normal,-,,,
P0303,0.23456341,-0.98022366,False,0.0,Faible,,Normal,-,,,
P0304,0.28351852,-0.6238127,False,0.0,Faible,,Normal,-,,,
P0305,0.16801377,-1.4647293,False,0.0,Faible,,Normal,-,,,
P0306,0.30125678,-0.4946717,False,0.0,Faible,,Normal,-,,,
P0307,0.42990506,0.44193456,False,8.8,Faible,,Normal,-,,,
P0308,0.40727347,0.2771684,False,5.5,Faible,,Normal,-,,,
P0309,0.43194842,0.456811,False,9.1,Faible,,Normal,-,,,
P0310,0.1823282,-1.360515,False,0.0,Faible,,Normal,-,,,
P0311,0.6649024,2.1528006,True,43.1,Modéré,2025-01-01,Sécheresse,Cohérent avec un phénomène régional généralisé,-1.62,-1.53,-1.75
P0312,0.385509,0.11871523,False,2.4,Faible,,Normal,-,,,
P0313,0.2928375,-0.5559671,False,0.0,Faible,,Normal,-,,,
P0314,0.20254445,-1.2133334,False,0.0,Faible,,Normal,-,,,
P0315,0.21970588,-1.0883919,False,0.0,Faible,,Normal,-,,,
P0316,0.38602898,0.12250073,False,2.5,Faible,,Normal,-,,,
P0317,0.15799607,-1.5376618,False,0.0,Faible,,Normal,-,,,
P0318,0.36245957,-0.049093112,False,0.0,Faible,,Normal,-,,,
P0319,0.39671406,0.20029205,False,4.0,Faible,,Normal,-,,,
P0320,0.41963553,0.3671687,False,7.3,Faible,,Normal,-,,,
P0321,0.3945608,0.18461561,False,3.7,Faible,,Normal,-,,,
P0322,0.46796077,0.718994,False,14.4,Faible,,Normal,-,,,
P0323,0.392502,0.16962677,False,3.4,Faible,,Normal,-,,,
P0324,0.26726368,-0.7421538,False,0.0,Faible,,Normal,-,,,
P0325,0.22397389,-1.0573193,False,0.0,Faible,,Normal,-,,,
P0326,0.70158166,2.4198391,True,48.4,Modéré,2025-01-01,Sécheresse,Cohérent avec un phénomène régional généralisé,-1.86,-1.39,-1.24
P0327,0.50294536,0.97369456,False,19.5,Faible,,Normal,-,,,
P0328,0.20991874,-1.1596459,False,0.0,Faible,,Normal,-,,,
P0329,0.29427296,-0.54551643,False,0.0,Faible,,Normal,-,,,
P0330,0.35881695,-0.0756127,False,0.0,Faible,,Normal,-,,,
P0331,0.3304778,-0.281932,False,0.0,Faible,,Normal,-,,,
P0332,0.4005459,0.22818919,False,4.6,Faible,,Normal,-,,,
P0333,0.24484052,-0.9054026,False,0.0,Faible,,Normal,-,,,
P0334,0.5517028,1.3286664,False,26.6,Faible,,Normal,-,,,
P0335,0.34705868,-0.16121717,False,0.0,Faible,,Normal,-,,,
P0336,0.376854,0.05570359,False,1.1,Faible,,Normal,-,,,
P0337,0.23736008,-0.95986295,False,0.0,Faible,,Normal,-,,,
P0338,0.47816455,0.79328126,False,15.9,Faible,,Normal,-,,,
P0339,0.18166465,-1.365346,False,0.0,Faible,,Normal,-,,,
P0340,0.48749834,0.8612346,False,17.2,Faible,,Normal,-,,,
P0341,0.33938932,-0.21705289,False,0.0,Faible,,Normal,-,,,
P0342,0.42844576,0.43131033,False,8.6,Faible,,Normal,-,,,
P0343,0.41205585,0.31198585,False,6.2,Faible,,Normal,-,,,
P0344,0.31871718,-0.36755362,False,0.0,Faible,,Normal,-,,,
P0345,0.29524818,-0.5384165,False,0.0,Faible,,Normal,-,,,
P0346,0.37055466,0.009842056,False,0.2,Faible,,Normal,-,,,
P0347,0.275149,-0.6847459,False,0.0,Faible,,Normal,-,,,
P0348,0.1420314,-1.6538904,False,0.0,Faible,,Normal,-,,,
P0349,0.61988807,1.82508,False,36.5,Faible,,Normal,-,,,
P0350,0.33321765,-0.2619849,False,0.0,Faible,,Normal,-,,,
P0351,0.2050418,-1.1951518,False,0.0,Faible,,Normal,-,,,
P0352,0.3714885,0.016640864,False,0.3,Faible,,Normal,-,,,
P0353,0.20270331,-1.2121768,False,0.0,Faible,,Normal,-,,,
P0354,0.42594475,0.41310206,False,8.3,Faible,,Normal,-,,,
P0355,0.45234326,0.6052928,False,12.1,Faible,,Normal,-,,,
P0356,0.3930886,0.17389743,False,3.5,Faible,,Normal,-,,,
P0357,0.32704523,-0.30692238,False,0.0,Faible,,Normal,-,,,
P0358,0.9333566,4.107245,True,82.1,Critique,2025-01-01,Sécheresse,Cohérent avec un phénomène régional généralisé,-1.9,-1.85,-1.92
P0359,0.44367543,0.54218787,False,10.8,Faible,,Normal,-,,,
P0360,0.4081053,0.2832245,False,5.7,Faible,,Normal,-,,,
P0361,0.34109673,-0.20462237,False,0.0,Faible,,Normal,-,,,
P0362,0.3603183,-0.06468231,False,0.0,Faible,,Normal,-,,,
P0363,0.37903672,0.0715946,False,1.4,Faible,,Normal,-,,,
P0364,0.5593225,1.3841405,False,27.7,Faible,,Normal,-,,,
P0365,0.41685665,0.3469374,False,6.9,Faible,,Normal,-,,,
P0366,0.8835342,3.7445197,True,74.9,Élevé,2024-04-01,Sécheresse,Manque d'eau marqué — cas plus grave que la moyenne des parcelles touchées,-1.11,-1.32,-2.2
P0367,0.3851815,0.116330706,False,2.3,Faible,,Normal,-,,,
P0368,0.37092125,0.012511025,False,0.3,Faible,,Normal,-,,,
P0369,0.9073035,3.917569,True,78.4,Élevé,2025-01-01,Anomalie légère (NDVI),"Signal en baisse, cause précise incertaine (hiver)",-0.36,0.33,0.2
P0370,0.32451326,-0.32535607,False,0.0,Faible,,Normal,-,,,
P0371,0.45189136,0.60200286,False,12.0,Faible,,Normal,-,,,
P0372,0.6717371,2.2025597,True,44.1,Modéré,2025-01-01,Sécheresse,Cohérent avec un phénomène régional généralisé,-1.91,-1.49,-1.49
P0373,0.27724186,-0.66950905,False,0.0,Faible,,Normal,-,,,
P0374,0.36629975,-0.021135218,False,0.0,Faible,,Normal,-,,,
P0375,0.3695874,0.0028000204,False,0.1,Faible,,Normal,-,,,
P0376,0.2459054,-0.8976499,False,0.0,Faible,,Normal,-,,,
P0377,0.30616412,-0.4589445,False,0.0,Faible,,Normal,-,,,
P0378,0.4470321,0.5666256,False,11.3,Faible,,Normal,-,,,
P0379,0.26075983,-0.78950423,False,0.0,Faible,,Normal,-,,,
P0380,0.3661455,-0.022258263,False,0.0,Faible,,Normal,-,,,
P0381,0.5109326,1.0318447,False,20.6,Faible,,Normal,-,,,
P0382,1.0567844,5.005844,True,100.0,Critique,2025-01-01,Sécheresse,Cohérent avec un phénomène régional généralisé,-2.09,-1.63,-1.37
P0383,0.38513306,0.11597812,False,2.3,Faible,,Normal,-,,,
P0384,0.3139073,-0.40257132,False,0.0,Faible,,Normal,-,,,
P0385,0.36590794,-0.023987746,False,0.0,Faible,,Normal,-,,,
P0386,0.35799453,-0.081600256,False,0.0,Faible,,Normal,-,,,
P0387,0.27174127,-0.7095553,False,0.0,Faible,,Normal,-,,,
P0388,0.42387384,0.39802513,False,8.0,Faible,,Normal,-,,,
P0389,0.310115,-0.43018055,False,0.0,Faible,,Normal,-,,,
P0390,0.34118015,-0.20401506,False,0.0,Faible,,Normal,-,,,
P0391,0.39743647,0.20555145,False,4.1,Faible,,Normal,-,,,
P0392,0.40374005,0.25144377,False,5.0,Faible,,Normal,-,,,
P0393,0.1576215,-1.5403887,False,0.0,Faible,,Normal,-,,,
P0394,0.32309774,-0.3356616,False,0.0,Faible,,Normal,-,,,
P0395,0.46773455,0.717347,False,14.3,Faible,,Normal,-,,,
P0396,0.4397495,0.5136058,False,10.3,Faible,,Normal,-,,,
P0397,0.3884882,0.1404048,False,2.8,Faible,,Normal,-,,,
P0398,0.116940446,-1.8365617,False,0.0,Faible,,Normal,-,,,
P0399,0.44377857,0.5429388,False,10.9,Faible,,Normal,-,,,
P0400,0.19406492,-1.2750674,False,0.0,Faible,,Normal,-,,,
P0401,0.30338085,-0.4792077,False,0.0,Faible,,Normal,-,,,
P0402,0.3718273,0.0191074,False,0.4,Faible,,Normal,-,,,
P0403,0.5938837,1.6357586,False,32.7,Faible,,Normal,-,,,
P0404,0.38450205,0.11138418,False,2.2,Faible,,Normal,-,,,
P0405,0.26301995,-0.7730497,False,0.0,Faible,,Normal,-,,,
P0406,0.22236459,-1.0690355,False,0.0,Faible,,Normal,-,,,
P0407,0.37872693,0.06933918,False,1.4,Faible,,Normal,-,,,
P0408,0.46489128,0.69664705,False,13.9,Faible,,Normal,-,,,
P0409,0.5319201,1.184641,False,23.7,Faible,,Normal,-,,,
P0410,0.1946494,-1.2708122,False,0.0,Faible,,Normal,-,,,
P0411,0.25883883,-0.80348974,False,0.0,Faible,,Normal,-,,,
P0412,0.30143988,-0.49333864,False,0.0,Faible,,Normal,-,,,
P0413,0.3872425,0.1313356,False,2.6,Faible,,Normal,-,,,
P0414,0.48448414,0.8392901,False,16.8,Faible,,Normal,-,,,
P0415,0.345643,-0.17152376,False,0.0,Faible,,Normal,-,,,
P0416,0.4289104,0.43469313,False,8.7,Faible,,Normal,-,,,
P0417,0.3327068,-0.26570404,False,0.0,Faible,,Normal,-,,,
P0418,0.45497894,0.62448156,False,12.5,Faible,,Normal,-,,,
P0419,0.53649396,1.2179406,False,24.4,Faible,,Normal,-,,,
P0420,0.3511352,-0.13153869,False,0.0,Faible,,Normal,-,,,
P0421,0.39018056,0.15272576,False,3.1,Faible,,Normal,-,,,
P0422,0.2488095,-0.8765069,False,0.0,Faible,,Normal,-,,,
P0423,0.18127778,-1.3681624,False,0.0,Faible,,Normal,-,,,
P0424,0.48476356,0.84132445,False,16.8,Faible,,Normal,-,,,
P0425,0.31444776,-0.39863655,False,0.0,Faible,,Normal,-,,,
P0426,0.18083,-1.3714224,False,0.0,Faible,,Normal,-,,,
P0427,0.37629557,0.051637974,False,1.0,Faible,,Normal,-,,,
P0428,0.47191656,0.74779356,False,15.0,Faible,,Normal,-,,,
P0429,0.24124905,-0.9315497,False,0.0,Faible,,Normal,-,,,
P0430,0.39635113,0.19764976,False,4.0,Faible,,Normal,-,,,
P0431,0.47362205,0.7602102,False,15.2,Faible,,Normal,-,,,
P0432,0.45390537,0.6166656,False,12.3,Faible,,Normal,-,,,
P0433,0.49885756,0.94393384,False,18.9,Faible,,Normal,-,,,
P0434,0.58785266,1.5918505,False,31.8,Faible,,Normal,-,,,
P0435,0.21834847,-1.0982744,False,0.0,Faible,,Normal,-,,,
P0436,0.4273288,0.42317843,False,8.5,Faible,,Normal,-,,,
P0437,0.12823623,-1.7543242,False,0.0,Faible,,Normal,-,,,
P0438,0.5723475,1.4789675,False,29.6,Faible,,Normal,-,,,
P0439,0.8062416,3.1818013,True,63.6,Élevé,2025-01-01,Sécheresse,Cohérent avec un phénomène régional généralisé,-1.74,-1.41,-1.32
P0440,0.40335512,0.24864137,False,5.0,Faible,,Normal,-,,,
P0441,0.45244232,0.606014,False,12.1,Faible,,Normal,-,,,
P0442,0.46370935,0.68804216,False,13.8,Faible,,Normal,-,,,
P0443,0.32233924,-0.34118372,False,0.0,Faible,,Normal,-,,,
P0444,0.32492697,-0.32234406,False,0.0,Faible,,Normal,-,,,
P0445,0.5806846,1.5396645,False,30.8,Faible,,Normal,-,,,
P0446,0.6248284,1.8610474,False,37.2,Faible,,Normal,-,,,
P0447,0.48400137,0.8357754,False,16.7,Faible,,Normal,-,,,
P0448,0.182637,-1.3582668,False,0.0,Faible,,Normal,-,,,
P0449,0.93787205,4.140119,True,82.8,Critique,2025-01-01,Sécheresse,Cohérent avec un phénomène régional généralisé,-2.12,-1.7,-1.57
P0450,0.35169953,-0.12743011,False,0.0,Faible,,Normal,-,,,
P0451,0.2749137,-0.6864589,False,0.0,Faible,,Normal,-,,,
P0452,0.36709297,-0.015360298,False,0.0,Faible,,Normal,-,,,
P0453,0.13264973,-1.7221923,False,0.0,Faible,,Normal,-,,,
P0454,0.6715071,2.2008855,True,44.0,Modéré,2025-01-01,Sécheresse,Cohérent avec un phénomène régional généralisé,-1.95,-1.32,-1.12
P0455,0.50769114,1.0082456,False,20.2,Faible,,Normal,-,,,
P0456,0.052276593,-2.307338,False,0.0,Faible,,Normal,-,,,
P0457,0.66302514,2.1391335,True,42.8,Modéré,2024-01-01,Anomalie de densité,Signal subtil sur la densité du couvert végétal (hiver),0.1,0.67,0.08
P0458,0.10947948,-1.8908801,False,0.0,Faible,,Normal,-,,,
P0459,0.37504628,0.042542737,False,0.9,Faible,,Normal,-,,,
P0460,0.24155177,-0.92934585,False,0.0,Faible,,Normal,-,,,
P0461,0.27062365,-0.71769196,False,0.0,Faible,,Normal,-,,,
P0462,0.42105222,0.37748268,False,7.5,Faible,,Normal,-,,,
P0463,0.34624994,-0.16710512,False,0.0,Faible,,Normal,-,,,
P0464,0.34924972,-0.14526562,False,0.0,Faible,,Normal,-,,,
P0465,0.2407417,-0.9352435,False,0.0,Faible,,Normal,-,,,
P0466,0.29201338,-0.561967,False,0.0,Faible,,Normal,-,,,
P0467,0.26590705,-0.7520306,False,0.0,Faible,,Normal,-,,,
P0468,0.28089252,-0.6429309,False,0.0,Faible,,Normal,-,,,
P0469,0.3415201,-0.20154007,False,0.0,Faible,,Normal,-,,,
P0470,0.20156115,-1.2204921,False,0.0,Faible,,Normal,-,,,
P0471,0.33733755,-0.23199053,False,0.0,Faible,,Normal,-,,,
P0472,0.25688508,-0.8177138,False,0.0,Faible,,Normal,-,,,
P0473,0.32057318,-0.35404125,False,0.0,Faible,,Normal,-,,,
P0474,0.37905577,0.071733244,False,1.4,Faible,,Normal,-,,,
P0475,0.3769469,0.056379892,False,1.1,Faible,,Normal,-,,,
P0476,0.57406425,1.4914659,False,29.8,Faible,,Normal,-,,,
P0477,0.5240581,1.127403,False,22.5,Faible,,Normal,-,,,
P0478,0.1049012,-1.9242117,False,0.0,Faible,,Normal,-,,,
P0479,0.30344993,-0.47870478,False,0.0,Faible,,Normal,-,,,
P0480,0.44373444,0.5426175,False,10.9,Faible,,Normal,-,,,
P0481,0.49151596,0.8904844,False,17.8,Faible,,Normal,-,,,
P0482,0.51239276,1.042475,False,20.8,Faible,,Normal,-,,,
P0483,0.52663887,1.1461918,False,22.9,Faible,,Normal,-,,,
P0484,0.34158844,-0.20104255,False,0.0,Faible,,Normal,-,,,
P0485,0.43527243,0.48101094,False,9.6,Faible,,Normal,-,,,
P0486,0.37413567,0.035913162,False,0.7,Faible,,Normal,-,,,
P0487,0.45098817,0.59542733,False,11.9,Faible,,Normal,-,,,
P0488,0.34980702,-0.14120825,False,0.0,Faible,,Normal,-,,,
P0489,0.37846607,0.067440026,False,1.3,Faible,,Normal,-,,,
P0490,0.2851514,-0.61192477,False,0.0,Faible,,Normal,-,,,
P0491,0.28084883,-0.643249,False,0.0,Faible,,Normal,-,,,
P0492,0.3026524,-0.48451114,False,0.0,Faible,,Normal,-,,,
P0493,0.26103914,-0.78747076,False,0.0,Faible,,Normal,-,,,
P0494,0.6098083,1.7516958,False,35.0,Faible,,Normal,-,,,
P0495,0.37120458,0.014573775,False,0.3,Faible,,Normal,-,,,
P0496,0.30991426,-0.4316421,False,0.0,Faible,,Normal,-,,,
P0497,0.4462315,0.5607971,False,11.2,Faible,,Normal,-,,,
P0498,0.16780454,-1.4662526,False,0.0,Faible,,Normal,-,,,
P0499,0.85761136,3.555792,True,71.1,Élevé,2025-01-01,Sécheresse,Cohérent avec un phénomène régional généralisé,-1.71,-1.41,-1.32
P0500,0.7120431,2.4960022,True,49.9,Modéré,2025-01-01,Sécheresse,Cohérent avec un phénomène régional généralisé,-1.45,-1.26,-1.14
P0501,0.35944754,-0.071021795,False,0.0,Faible,,Normal,-,,,
P0502,0.2958228,-0.53423303,False,0.0,Faible,,Normal,-,,,
P0503,0.35708797,-0.088200316,False,0.0,Faible,,Normal,-,,,
P0504,0.21754463,-1.1041266,False,0.0,Faible,,Normal,-,,,
P0505,0.25326458,-0.8440724,False,0.0,Faible,,Normal,-,,,
P0506,0.32713982,-0.3062337,False,0.0,Faible,,Normal,-,,,
P0507,0.6002976,1.682454,False,33.6,Faible,,Normal,-,,,
P0508,0.3506328,-0.1351964,False,0.0,Faible,,Normal,-,,,
P0509,0.33063066,-0.28081915,False,0.0,Faible,,Normal,-,,,
P0510,0.46101433,0.6684214,False,13.4,Faible,,Normal,-,,,
P0511,0.23600452,-0.9697319,False,0.0,Faible,,Normal,-,,,
P0512,0.34981808,-0.14112775,False,0.0,Faible,,Normal,-,,,
P0513,0.32023668,-0.3564911,False,0.0,Faible,,Normal,-,,,
P0514,0.4107789,0.30268925,False,6.1,Faible,,Normal,-,,,
P0515,0.4270925,0.42145807,False,8.4,Faible,,Normal,-,,,
P0516,0.52464414,1.1316695,False,22.6,Faible,,Normal,-,,,
P0517,0.4069947,0.27513883,False,5.5,Faible,,Normal,-,,,
P0518,0.33317497,-0.26229563,False,0.0,Faible,,Normal,-,,,
P0519,0.32119778,-0.34949398,False,0.0,Faible,,Normal,-,,,
P0520,0.45914078,0.6547812,False,13.1,Faible,,Normal,-,,,
P0521,0.54856074,1.3057911,False,26.1,Faible,,Normal,-,,,
P0522,0.5745053,1.4946772,False,29.9,Faible,,Normal,-,,,
P0523,0.29607353,-0.53240764,False,0.0,Faible,,Normal,-,,,
P0524,0.36598575,-0.023421232,False,0.0,Faible,,Normal,-,,,
P0525,0.2529279,-0.8465235,False,0.0,Faible,,Normal,-,,,
P0526,0.3147651,-0.39632624,False,0.0,Faible,,Normal,-,,,
P0527,0.36955684,0.0025776243,False,0.1,Faible,,Normal,-,,,
P0528,0.29626116,-0.5310416,False,0.0,Faible,,Normal,-,,,
P0529,0.48595583,0.8500046,False,17.0,Faible,,Normal,-,,,
P0530,0.40225506,0.24063252,False,4.8,Faible,,Normal,-,,,
P0531,0.41576093,0.3389602,False,6.8,Faible,,Normal,-,,,
P0532,0.31373873,-0.40379852,False,0.0,Faible,,Normal,-,,,
P0533,0.46874094,0.7246739,False,14.5,Faible,,Normal,-,,,
P0534,0.46322712,0.68453133,False,13.7,Faible,,Normal,-,,,
P0535,0.39651152,0.1988175,False,4.0,Faible,,Normal,-,,,
P0536,0.62352973,1.8515927,False,37.0,Faible,,Normal,-,,,
P0537,0.2830235,-0.62741655,False,0.0,Faible,,Normal,-,,,
P0538,1.055452,4.996144,True,99.9,Critique,2025-02-01,Sécheresse,Cas plus grave que la moyenne des parcelles touchées,-2.01,-1.8,-1.76
P0539,0.22676066,-1.0370306,False,0.0,Faible,,Normal,-,,,
P0540,0.13500938,-1.7050133,False,0.0,Faible,,Normal,-,,,
P0541,0.5109279,1.0318104,False,20.6,Faible,,Normal,-,,,
P0542,0.30793166,-0.44607612,False,0.0,Faible,,Normal,-,,,
P0543,0.26989573,-0.7229915,False,0.0,Faible,,Normal,-,,,
P0544,0.32468346,-0.32411695,False,0.0,Faible,,Normal,-,,,
P0545,0.41084757,0.30318916,False,6.1,Faible,,Normal,-,,,
P0546,0.2530216,-0.84584135,False,0.0,Faible,,Normal,-,,,
P0547,0.2854473,-0.6097705,False,0.0,Faible,,Normal,-,,,
P0548,0.24752352,-0.8858694,False,0.0,Faible,,Normal,-,,,
P0549,0.2580839,-0.8089859,False,0.0,Faible,,Normal,-,,,
P0550,0.47313446,0.75666034,False,15.1,Faible,,Normal,-,,,
P0551,0.58612055,1.5792401,False,31.6,Faible,,Normal,-,,,
P0552,0.8592043,3.5673892,True,71.3,Élevé,2025-01-01,Sécheresse,Cohérent avec un phénomène régional généralisé,-1.97,-1.71,-1.36
P0553,0.2771106,-0.67046463,False,0.0,Faible,,Normal,-,,,
P0554,0.15355356,-1.5700048,False,0.0,Faible,,Normal,-,,,
P0555,0.43992606,0.5148911,False,10.3,Faible,,Normal,-,,,
P0556,0.31337774,-0.4064267,False,0.0,Faible,,Normal,-,,,
P0557,0.48076427,0.8122081,False,16.2,Faible,,Normal,-,,,
P0558,0.24162261,-0.92883015,False,0.0,Faible,,Normal,-,,,
P0559,0.20269924,-1.2122064,False,0.0,Faible,,Normal,-,,,
P0560,0.32667235,-0.30963713,False,0.0,Faible,,Normal,-,,,
P0561,0.31437838,-0.39914167,False,0.0,Faible,,Normal,-,,,
P0562,0.8021293,3.1518626,True,63.0,Élevé,2025-01-01,Sécheresse,Cohérent avec un phénomène régional généralisé,-2.34,-1.7,-1.27
P0563,0.20745867,-1.177556,False,0.0,Faible,,Normal,-,,,
P0564,0.32566473,-0.31697294,False,0.0,Faible,,Normal,-,,,
P0565,0.34412977,-0.18254071,False,0.0,Faible,,Normal,-,,,
P0566,0.33745137,-0.23116192,False,0.0,Faible,,Normal,-,,,
P0567,0.3641976,-0.036439538,False,0.0,Faible,,Normal,-,,,
P0568,0.290582,-0.57238793,False,0.0,Faible,,Normal,-,,,
P0569,0.35938,-0.07151345,False,0.0,Faible,,Normal,-,,,
P0570,0.29217768,-0.56077087,False,0.0,Faible,,Normal,-,,,
P0571,0.29878944,-0.5126348,False,0.0,Faible,,Normal,-,,,
P0572,0.6066874,1.7289745,False,34.6,Faible,,Normal,-,,,
P0573,0.15647627,-1.5487264,False,0.0,Faible,,Normal,-,,,
P0574,0.65227693,2.0608828,True,41.2,Modéré,2025-01-01,Sécheresse,Manque d'eau marqué — cohérent avec un phénomène régional généralisé,-0.96,-1.42,-2.31
P0575,0.38832057,0.13918434,False,2.8,Faible,,Normal,-,,,
P0576,0.4068656,0.27419892,False,5.5,Faible,,Normal,-,,,
P0577,0.40373465,0.25140452,False,5.0,Faible,,Normal,-,,,
P0578,0.4244846,0.40247175,False,8.0,Faible,,Normal,-,,,
P0579,0.51559186,1.0657656,False,21.3,Faible,,Normal,-,,,
P0580,0.19633573,-1.258535,False,0.0,Faible,,Normal,-,,,
P0581,0.107669435,-1.9040579,False,0.0,Faible,,Normal,-,,,
P0582,0.3764969,0.053103834,False,1.1,Faible,,Normal,-,,,
P0583,0.28969824,-0.578822,False,0.0,Faible,,Normal,-,,,
P0584,0.4280995,0.42878956,False,8.6,Faible,,Normal,-,,,
P0585,0.42556468,0.410335,False,8.2,Faible,,Normal,-,,,
P0586,0.6657505,2.1589751,True,43.2,Modéré,2025-01-01,Sécheresse,Cohérent avec un phénomène régional généralisé,-1.85,-1.57,-1.3
P0587,0.36037362,-0.064279616,False,0.0,Faible,,Normal,-,,,
P0588,0.1562815,-1.5501444,False,0.0,Faible,,Normal,-,,,
P0589,0.6523298,2.0612676,True,41.2,Modéré,2025-01-01,Sécheresse,Cohérent avec un phénomène régional généralisé,-1.56,-1.52,-1.5
P0590,0.4074336,0.27833417,False,5.6,Faible,,Normal,-,,,
P0591,0.39705688,0.20278788,False,4.1,Faible,,Normal,-,,,
P0592,0.31579363,-0.3888381,False,0.0,Faible,,Normal,-,,,
P0593,0.36389023,-0.038677383,False,0.0,Faible,,Normal,-,,,
P0594,0.31230614,-0.41422835,False,0.0,Faible,,Normal,-,,,
P0595,0.5491297,1.3099335,False,26.2,Faible,,Normal,-,,,
P0596,0.35831928,-0.07923591,False,0.0,Faible,,Normal,-,,,
P0597,0.3119753,-0.41663697,False,0.0,Faible,,Normal,-,,,
P0598,0.45425183,0.6191879,False,12.4,Faible,,Normal,-,,,
P0599,0.3238077,-0.33049288,False,0.0,Faible,,Normal,-,,,
P0600,0.42431176,0.40121332,False,8.0,Faible,,Normal,-,,,
P0601,0.53519946,1.2085161,False,24.2,Faible,,Normal,-,,,
P0602,0.44227636,0.53200215,False,10.6,Faible,,Normal,-,,,
P0603,1.048913,4.9485373,True,99.0,Critique,2024-03-01,Sur-irrigation,Vigueur très élevée hors saison de pluie (printemps) — cohérent avec un phénomène régional généralisé,1.71,2.73,1.95
P0604,0.24884203,-0.8762701,False,0.0,Faible,,Normal,-,,,
P0605,0.32549843,-0.31818363,False,0.0,Faible,,Normal,-,,,
P0606,0.24574071,-0.89884883,False,0.0,Faible,,Normal,-,,,
P0607,0.40022483,0.22585174,False,4.5,Faible,,Normal,-,,,
P0608,0.31357995,-0.40495455,False,0.0,Faible,,Normal,-,,,
P0609,0.19908963,-1.2384857,False,0.0,Faible,,Normal,-,,,
P0610,0.29517704,-0.5389344,False,0.0,Faible,,Normal,-,,,
P0611,0.29598427,-0.5330575,False,0.0,Faible,,Normal,-,,,
P0612,0.28232366,-0.6325117,False,0.0,Faible,,Normal,-,,,
P0613,0.46060663,0.6654532,False,13.3,Faible,,Normal,-,,,
P0614,0.13218571,-1.7255706,False,0.0,Faible,,Normal,-,,,
P0615,0.24711615,-0.8888352,False,0.0,Faible,,Normal,-,,,
P0616,0.41569102,0.33845118,False,6.8,Faible,,Normal,-,,,
P0617,0.45076936,0.59383434,False,11.9,Faible,,Normal,-,,,
P0618,0.30136672,-0.4938713,False,0.0,Faible,,Normal,-,,,
P0619,0.5758645,1.5045724,False,30.1,Faible,,Normal,-,,,
P0620,0.28572363,-0.6077587,False,0.0,Faible,,Normal,-,,,
P0621,0.28582925,-0.60698974,False,0.0,Faible,,Normal,-,,,
P0622,0.2444618,-0.9081598,False,0.0,Faible,,Normal,-,,,
P0623,0.21041772,-1.1560131,False,0.0,Faible,,Normal,-,,,
P0624,0.33998835,-0.21269177,False,0.0,Faible,,Normal,-,,,
P0625,0.37986204,0.0776032,False,1.6,Faible,,Normal,-,,,
P0626,0.39152053,0.16248125,False,3.2,Faible,,Normal,-,,,
P0627,0.3646512,-0.03313723,False,0.0,Faible,,Normal,-,,,
P0628,0.23591001,-0.97041994,False,0.0,Faible,,Normal,-,,,
P0629,0.18257774,-1.3586982,False,0.0,Faible,,Normal,-,,,
P0630,0.14964412,-1.598467,False,0.0,Faible,,Normal,-,,,
P0631,0.21729666,-1.1059319,False,0.0,Faible,,Normal,-,,,
P0632,0.7389929,2.6922066,True,53.8,Modéré,2024-12-01,Anomalie légère (NDVI),"Signal en baisse, cause précise incertaine (hiver)",-1.47,-1.1,-0.87
P0633,0.3305868,-0.28113854,False,0.0,Faible,,Normal,-,,,
P0634,0.27616936,-0.6773172,False,0.0,Faible,,Normal,-,,,
P0635,0.2314616,-1.002806,False,0.0,Faible,,Normal,-,,,
P0636,0.33258486,-0.26659188,False,0.0,Faible,,Normal,-,,,
P0637,0.26161793,-0.78325695,False,0.0,Faible,,Normal,-,,,
P0638,0.48690912,0.85694486,False,17.1,Faible,,Normal,-,,,
P0639,0.48556873,0.8471864,False,16.9,Faible,,Normal,-,,,
P0640,0.14418261,-1.6382288,False,0.0,Faible,,Normal,-,,,
P0641,0.36667603,-0.018395733,False,0.0,Faible,,Normal,-,,,
P0642,0.54658085,1.2913768,False,25.8,Faible,,Normal,-,,,
P0643,0.38938674,0.1469465,False,2.9,Faible,,Normal,-,,,
P0644,0.3828334,0.09923571,False,2.0,Faible,,Normal,-,,,
P0645,0.38790825,0.13618253,False,2.7,Faible,,Normal,-,,,
P0646,0.5196631,1.0954057,False,21.9,Faible,,Normal,-,,,
P0647,0.14348587,-1.6433012,False,0.0,Faible,,Normal,-,,,
P0648,0.19246496,-1.2867157,False,0.0,Faible,,Normal,-,,,
P0649,0.34119794,-0.20388553,False,0.0,Faible,,Normal,-,,,
P0650,0.46503222,0.6976731,False,14.0,Faible,,Normal,-,,,
P0651,0.10121961,-1.9510151,False,0.0,Faible,,Normal,-,,,
P0652,0.28445113,-0.61702293,False,0.0,Faible,,Normal,-,,,
P0653,0.37515715,0.04334987,False,0.9,Faible,,Normal,-,,,
P0654,0.28268933,-0.62984943,False,0.0,Faible,,Normal,-,,,
P0655,0.3609243,-0.06027041,False,0.0,Faible,,Normal,-,,,
P0656,0.43208864,0.45783186,False,9.2,Faible,,Normal,-,,,
P0657,0.37416282,0.036110826,False,0.7,Faible,,Normal,-,,,
P0658,0.3112625,-0.42182648,False,0.0,Faible,,Normal,-,,,
P0659,0.34573457,-0.17085722,False,0.0,Faible,,Normal,-,,,
P0660,0.56848896,1.4508758,False,29.0,Faible,,Normal,-,,,
P0661,0.2756616,-0.681014,False,0.0,Faible,,Normal,-,,,
P0662,0.31909177,-0.3648265,False,0.0,Faible,,Normal,-,,,
P0663,0.33163762,-0.2734881,False,0.0,Faible,,Normal,-,,,
P0664,0.46308866,0.6835233,False,13.7,Faible,,Normal,-,,,
P0665,0.32077417,-0.352578,False,0.0,Faible,,Normal,-,,,
P0666,0.23769754,-0.95740604,False,0.0,Faible,,Normal,-,,,
P0667,0.30673292,-0.45480338,False,0.0,Faible,,Normal,-,,,
P0668,0.4997842,0.95068014,False,19.0,Faible,,Normal,-,,,
P0669,0.15266353,-1.5764846,False,0.0,Faible,,Normal,-,,,
P0670,0.39690113,0.20165397,False,4.0,Faible,,Normal,-,,,
P0671,0.2921783,-0.5607663,False,0.0,Faible,,Normal,-,,,
P0672,0.6071618,1.7324283,False,34.6,Faible,,Normal,-,,,
P0673,0.36620837,-0.021800453,False,0.0,Faible,,Normal,-,,,
P0674,0.3292712,-0.29071653,False,0.0,Faible,,Normal,-,,,
P0675,0.3328975,-0.26431563,False,0.0,Faible,,Normal,-,,,
P0676,0.34482098,-0.17750849,False,0.0,Faible,,Normal,-,,,
P0677,0.38205862,0.0935951,False,1.9,Faible,,Normal,-,,,
P0678,0.1554215,-1.5564055,False,0.0,Faible,,Normal,-,,,
P0679,0.38418564,0.10908059,False,2.2,Faible,,Normal,-,,,
P0680,0.47475296,0.76844364,False,15.4,Faible,,Normal,-,,,
P0681,0.4774998,0.7884417,False,15.8,Faible,,Normal,-,,,
P0682,0.20941822,-1.1632898,False,0.0,Faible,,Normal,-,,,
P0683,0.3969742,0.20218599,False,4.0,Faible,,Normal,-,,,
P0684,0.2693883,-0.7266859,False,0.0,Faible,,Normal,-,,,
P0685,0.2837205,-0.6223422,False,0.0,Faible,,Normal,-,,,
P0686,0.32581022,-0.31591368,False,0.0,Faible,,Normal,-,,,
P0687,0.32468235,-0.324125,False,0.0,Faible,,Normal,-,,,
P0688,0.26232493,-0.7781097,False,0.0,Faible,,Normal,-,,,
P0689,0.43412158,0.47263238,False,9.5,Faible,,Normal,-,,,
P0690,0.36244422,-0.049204852,False,0.0,Faible,,Normal,-,,,
P0691,0.28799164,-0.5912467,False,0.0,Faible,,Normal,-,,,
P0692,0.22709277,-1.0346127,False,0.0,Faible,,Normal,-,,,
P0693,0.13726074,-1.6886226,False,0.0,Faible,,Normal,-,,,
P0694,0.4241485,0.40002474,False,8.0,Faible,,Normal,-,,,
P0695,0.44339418,0.54014033,False,10.8,Faible,,Normal,-,,,
P0696,0.30333394,-0.47954923,False,0.0,Faible,,Normal,-,,,
P0697,0.34135497,-0.20274231,False,0.0,Faible,,Normal,-,,,
P0698,0.28728232,-0.5964109,False,0.0,Faible,,Normal,-,,,
P0699,0.4136095,0.32329702,False,6.5,Faible,,Normal,-,,,
P0700,0.2485022,-0.87874424,False,0.0,Faible,,Normal,-,,,
P0701,0.36236322,-0.04979458,False,0.0,Faible,,Normal,-,,,
P0702,0.4269412,0.4203565,False,8.4,Faible,,Normal,-,,,
P0703,0.44591033,0.5584588,False,11.2,Faible,,Normal,-,,,
P0704,0.36254644,-0.04846064,False,0.0,Faible,,Normal,-,,,
P0705,0.42979166,0.44110897,False,8.8,Faible,,Normal,-,,,
P0706,0.5228576,1.118663,False,22.4,Faible,,Normal,-,,,
P0707,0.42275238,0.38986048,False,7.8,Faible,,Normal,-,,,
P0708,0.38793743,0.13639495,False,2.7,Faible,,Normal,-,,,
P0709,0.34179187,-0.1995615,False,0.0,Faible,,Normal,-,,,
P0710,0.28956473,-0.57979405,False,0.0,Faible,,Normal,-,,,
P0711,0.25756943,-0.81273144,False,0.0,Faible,,Normal,-,,,
P0712,0.39732763,0.20475906,False,4.1,Faible,,Normal,-,,,
P0713,0.39916265,0.21811865,False,4.4,Faible,,Normal,-,,,
P0714,0.36105102,-0.05934785,False,0.0,Faible,,Normal,-,,,
P0715,0.2895018,-0.5802523,False,0.0,Faible,,Normal,-,,,
P0716,0.41491178,0.33277804,False,6.7,Faible,,Normal,-,,,
P0717,0.48816437,0.8660835,False,17.3,Faible,,Normal,-,,,
P0718,0.30438077,-0.47192788,False,0.0,Faible,,Normal,-,,,
P0719,0.4596063,0.65817034,False,13.2,Faible,,Normal,-,,,
P0720,0.32255682,-0.3395996,False,0.0,Faible,,Normal,-,,,
P0721,0.46981683,0.7325068,False,14.7,Faible,,Normal,-,,,
P0722,0.44898006,0.58080757,False,11.6,Faible,,Normal,-,,,
P0723,0.41149193,0.3078803,False,6.2,Faible,,Normal,-,,,
P0724,0.22090551,-1.0796582,False,0.0,Faible,,Normal,-,,,
P0725,0.53987986,1.2425911,False,24.9,Faible,,Normal,-,,,
P0726,0.34647232,-0.16548608,False,0.0,Faible,,Normal,-,,,
P0727,0.39901814,0.21706657,False,4.3,Faible,,Normal,-,,,
P0728,0.6214335,1.8363312,False,36.7,Faible,,Normal,-,,,
P0729,0.31522697,-0.39296362,False,0.0,Faible,,Normal,-,,,
P0730,0.3895729,0.1483017,False,3.0,Faible,,Normal,-,,,
P0731,0.60164195,1.6922417,False,33.8,Faible,,Normal,-,,,
P0732,0.31426457,-0.39997026,False,0.0,Faible,,Normal,-,,,
P0733,0.2673892,-0.7412399,False,0.0,Faible,,Normal,-,,,
P0734,0.4116987,0.30938566,False,6.2,Faible,,Normal,-,,,
P0735,0.4085274,0.28629747,False,5.7,Faible,,Normal,-,,,
P0736,0.2910363,-0.5690804,False,0.0,Faible,,Normal,-,,,
P0737,0.40263903,0.24342798,False,4.9,Faible,,Normal,-,,,
P0738,0.41673782,0.34607232,False,6.9,Faible,,Normal,-,,,
P0739,0.64086205,1.9777782,False,39.6,Faible,,Normal,-,,,
P0740,0.15906838,-1.529855,False,0.0,Faible,,Normal,-,,,
P0741,0.3124975,-0.41283518,False,0.0,Faible,,Normal,-,,,
P0742,0.33291054,-0.2642208,False,0.0,Faible,,Normal,-,,,
P0743,0.73072696,2.6320274,True,52.6,Modéré,2025-01-01,Sécheresse,Cohérent avec un phénomène régional généralisé,-1.63,-1.39,-1.34
P0744,0.31924987,-0.36367545,False,0.0,Faible,,Normal,-,,,
P0745,0.3491095,-0.14628647,False,0.0,Faible,,Normal,-,,,
P0746,0.47569984,0.7753373,False,15.5,Faible,,Normal,-,,,
P0747,0.5267555,1.1470411,False,22.9,Faible,,Normal,-,,,
P0748,0.15797539,-1.5378124,False,0.0,Faible,,Normal,-,,,
P0749,0.1513148,-1.5863038,False,0.0,Faible,,Normal,-,,,
P0750,0.26576707,-0.7530497,False,0.0,Faible,,Normal,-,,,
P0751,0.7267558,2.603116,True,52.1,Modéré,2025-01-01,Sécheresse,Cohérent avec un phénomène régional généralisé,-1.41,-1.29,-1.32
P0752,0.27984646,-0.6505466,False,0.0,Faible,,Normal,-,,,
P0753,0.15173848,-1.5832193,False,0.0,Faible,,Normal,-,,,
P0754,0.45529377,0.62677366,False,12.5,Faible,,Normal,-,,,
P0755,0.2685941,-0.73246795,False,0.0,Faible,,Normal,-,,,
P0756,0.8825118,3.7370763,True,74.7,Élevé,2025-01-01,Sécheresse,Cohérent avec un phénomène régional généralisé,-1.92,-1.6,-1.54
P0757,0.3950764,0.18836923,False,3.8,Faible,,Normal,-,,,
P0758,0.55278856,1.3365711,False,26.7,Faible,,Normal,-,,,
P0759,0.48046097,0.81,False,16.2,Faible,,Normal,-,,,
P0760,0.37446362,0.03830072,False,0.8,Faible,,Normal,-,,,
P0761,0.38325265,0.102288075,False,2.0,Faible,,Normal,-,,,
P0762,0.14145057,-1.6581191,False,0.0,Faible,,Normal,-,,,
P0763,0.2749922,-0.6858874,False,0.0,Faible,,Normal,-,,,
P0764,0.483419,0.8315355,False,16.6,Faible,,Normal,-,,,
P0765,0.18623024,-1.3321067,False,0.0,Faible,,Normal,-,,,
P0766,0.32062986,-0.35362858,False,0.0,Faible,,Normal,-,,,
P0767,0.3280071,-0.2999196,False,0.0,Faible,,Normal,-,,,
P0768,0.32917678,-0.29140392,False,0.0,Faible,,Normal,-,,,
P0769,0.2596757,-0.797397,False,0.0,Faible,,Normal,-,,,
P0770,0.6828591,2.2835321,True,45.7,Modéré,2025-01-01,Sécheresse,Cohérent avec un phénomène régional généralisé,-1.78,-1.6,-1.71
P0771,0.3732157,0.029215463,False,0.6,Faible,,Normal,-,,,
P0772,0.2710423,-0.7146442,False,0.0,Faible,,Normal,-,,,
P0773,0.4974481,0.93367237,False,18.7,Faible,,Normal,-,,,
P0774,0.29496387,-0.5404864,False,0.0,Faible,,Normal,-,,,
P0775,0.25101027,-0.86048454,False,0.0,Faible,,Normal,-,,,
P0776,0.32373783,-0.33100146,False,0.0,Faible,,Normal,-,,,
P0777,0.5498053,1.3148519,False,26.3,Faible,,Normal,-,,,
P0778,0.43871093,0.5060445,False,10.1,Faible,,Normal,-,,,
P0779,0.42765564,0.42555797,False,8.5,Faible,,Normal,-,,,
P0780,0.11853255,-1.8249706,False,0.0,Faible,,Normal,-,,,
P0781,0.41279873,0.3173943,False,6.3,Faible,,Normal,-,,,
P0782,0.348413,-0.15135732,False,0.0,Faible,,Normal,-,,,
P0783,0.48362625,0.83304435,False,16.7,Faible,,Normal,-,,,
P0784,0.28376472,-0.62202024,False,0.0,Faible,,Normal,-,,,
P0785,0.22258006,-1.0674669,False,0.0,Faible,,Normal,-,,,
P0786,0.4001713,0.22546206,False,4.5,Faible,,Normal,-,,,
P0787,0.1943119,-1.2732693,False,0.0,Faible,,Normal,-,,,
P0788,0.28697708,-0.59863305,False,0.0,Faible,,Normal,-,,,
P0789,0.19621621,-1.2594053,False,0.0,Faible,,Normal,-,,,
P0790,0.37513706,0.04320363,False,0.9,Faible,,Normal,-,,,
P0791,0.6260903,1.8702344,False,37.4,Faible,,Normal,-,,,
P0792,0.24205449,-0.9256859,False,0.0,Faible,,Normal,-,,,
P0793,0.36045694,-0.06367296,False,0.0,Faible,,Normal,-,,,
P0794,0.5698402,1.4607133,False,29.2,Faible,,Normal,-,,,
P0795,0.37236267,0.02300508,False,0.5,Faible,,Normal,-,,,
P0796,0.31803215,-0.37254092,False,0.0,Faible,,Normal,-,,,
P0797,0.27359694,-0.69604534,False,0.0,Faible,,Normal,-,,,
P0798,0.2073284,-1.1785045,False,0.0,Faible,,Normal,-,,,
P0799,0.26645818,-0.74801815,False,0.0,Faible,,Normal,-,,,
